netconststrings,ncs_acl_code_post_gfx_mp
netconststrings,ncs_snl_code_post_gfx_mp
netconststrings,ncs_snd_code_post_gfx_mp
netconststrings,ncs_rmb_code_post_gfx_mp
netconststrings,ncs_mat_code_post_gfx_mp
vertexshader,color_resolve_msaa.hlsl
vertexdecl,pp.7
pixelshader,color_resolve_msaa.hlsl
techset,color_resolve_msaa
material,$color_resolve_msaa
pixelshader,color_resolve_msaa_tm.hlsl
techset,color_resolve_msaa_tm
material,$color_resolve_msaa_tm
pixelshader,color_resolve_msaa_wide.hlsl
techset,color_resolve_msaa_wide
material,$color_resolve_msaa_wide
pixelshader,color_resolve_msaa_wide_tm.hlsl
techset,color_resolve_msaa_wide_tm
material,$color_resolve_msaa_wide_tm
pixelshader,color_resolve_msaa_wide_tm_1x.hlsl
techset,color_resolve_msaa_wide_tm_1x
material,$color_resolve_msaa_wide_tm_1x
pixelshader,color_resolve_msaa_wide_con.hlsl
techset,color_resolve_msaa_wide_con
material,$color_resolve_msaa_wide_con
pixelshader,color_resolve_msaa_wide_con_1x.hlsl
techset,color_resolve_msaa_wide_con_1x
material,$color_resolve_msaa_wide_con_1x
pixelshader,color_resolve_msaa_wide_con_tm.hlsl
techset,color_resolve_msaa_wide_con_tm
material,$color_resolve_msaa_wide_con_tm
pixelshader,color_resolve_msaa_wide_con_tm_1x.hlsl
techset,color_resolve_msaa_wide_con_tm_1x
material,$color_resolve_msaa_wide_con_tm_1x
pixelshader,color_resolve_msaa_wide_cov.hlsl
techset,color_resolve_msaa_wide_cov
material,$color_resolve_msaa_wide_cov
pixelshader,color_resolve_msaa_wide_cov_tm.hlsl
techset,color_resolve_msaa_wide_cov_tm
material,$color_resolve_msaa_wide_cov_tm
vertexshader,fxaa.hlsl
vertexdecl,pp.ft0t0.3
pixelshader,fxaa.hlsl
techset,fxaa
material,fxaa
vertexshader,textured_simple.hlsl
pixelshader,volume_light_scatter_blur0.hlsl
techset,volume_light_scatter_blur0
material,volume_light_scatter_blur0
pixelshader,volume_light_scatter_blur1.hlsl
techset,volume_light_scatter_blur1
material,volume_light_scatter_blur1
pixelshader,volume_light_scatter_blur2.hlsl
techset,volume_light_scatter_blur2
material,volume_light_scatter_blur2
pixelshader,volume_light_scatter_apply.hlsl
techset,volume_light_scatter_apply
material,volume_light_scatter_apply
pixelshader,volume_light_scatter_apply_depth_atten.hlsl
techset,volume_light_scatter_apply_depth_atten
material,volume_light_scatter_apply_depth_atten
computeshader,subdiv.hlsl/cs_face_point
computeshader,subdiv.hlsl/cs_edge_point
computeshader,subdiv.hlsl/cs_vertex_point
computeshader,subdiv.hlsl/cs_normal
computeshader,subdiv.hlsl/cs_transition_point
computeshader,subdiv.hlsl/cs_packed_to_subdiv
computeshader,cs_logaccumfromtex2d.hlsl/logaccumfromtex2d
computeshader,cs_logaccumcontinue.hlsl/logaccumcontinue
computeshader,cs_logaccumfinish.hlsl/logaccumfinish
computeshader,subdiv.hlsl/cs_face_point_tension
computeshader,subdiv.hlsl/cs_edge_point_tension
computeshader,subdiv.hlsl/cs_vertex_point_tension
computeshader,subdiv.hlsl/cs_normal_color
computeshader,subdiv.hlsl/cs_normal_tension
computeshader,subdiv.hlsl/cs_normal_vertexlit
computeshader,subdiv.hlsl/cs_normal_vertexlit_color
computeshader,subdiv.hlsl/cs_normal_lightmap
computeshader,subdiv.hlsl/cs_normal_lightmap_color
computeshader,subdiv.hlsl/cs_transition_point_color
computeshader,subdiv.hlsl/cs_transition_point_tension
computeshader,subdiv.hlsl/cs_transition_point_vertexlit
computeshader,subdiv.hlsl/cs_transition_point_vertexlit_color
computeshader,subdiv.hlsl/cs_transition_point_lightmap
computeshader,subdiv.hlsl/cs_transition_point_lightmap_color
computeshader,subdiv.hlsl/cs_packed_to_subdiv_color
computeshader,subdiv.hlsl/cs_packed_to_subdiv_vertexlit
computeshader,subdiv.hlsl/cs_packed_to_subdiv_vertexlit_color
computeshader,subdiv.hlsl/cs_packed_to_subdiv_lightmap
computeshader,subdiv.hlsl/cs_packed_to_subdiv_lightmap_color
computeshader,subdiv.hlsl/cs_packed_to_subdiv_skinned
computeshader,subdiv.hlsl/cs_packed_to_subdiv_skinned_color
computeshader,subdiv.hlsl/cs_packed_to_subdiv_skinned_tension
computeshader,subdiv.hlsl/cs_tessfactor
computeshader,subdiv.hlsl/cs_tessfactor_skinned
image,$mdao_occluder_lut
pixelshader,mdao_zdownsample.hlsl
techset,mdao_zdownsample
material,mdao_zdownsample
pixelshader,mdao_hdirdownsample.hlsl
techset,mdao_hdirdownsample
material,mdao_hdirdownsample
vertexshader,mdao_volume.hlsl
vertexdecl,pp.f
pixelshader,mdao_volume.hlsl
techset,mdao_volume
material,mdao_volume
computeshader,ambshadows_bboxes.hlsl/compute_tile_bboxes
computeshader,ambshadows_culling.hlsl/cull_ambient_occluders
computeshader,ambshadows_gen.hlsl/compute_ambient_shadows
vertexshader,vs_vertcol_simple_flf_fog_ems_nc.hlsl
pixelshader,vertcol_simple_hss_flf_fog_lin_ct_ems_nc.hlsl
vertexshader,vs_vertcol_simple_flf_dfog_ems_nc.hlsl
pixelshader,vertcol_simple_hss_flf_dfog_lin_ct_ems_nc.hlsl
vertexshader,vertcol_untextured_nc_nofog.hlsl
pixelshader,vertcol_untextured_lin_nc_nofog.hlsl
vertexshader,position_only.hlsl
pixelshader,null.hlsl
techset,m_effect_replace_lin_ct
image,green
material,m/thermalbody_default_hdr
vertexshader,unlit_2d_pw.hlsl
vertexdecl,pp.fcc0.ft0t0.3
pixelshader,unlit_2d.hlsl
techset,2d
image,3_cursor3
material,ui_cursor
image,h1_og_voice_off
material,voice_off
image,$streaming
image,breakpoint_image
material,code_breakpoint
vertexshader,floatz_writedepth.hlsl
vertexdecl,pp.7t0t0.3
pixelshader,floatz_writedepth.hlsl
techset,floatz_writedepth
material,$floatz_writedepth
material,$floatz_writedepth_clear_stencil
material,$floatz_writedepth_stenciled
material,$floatz_writedepth_stenciled_clear_stencil
pixelshader,vertcol_shaded_toolsunlit.hlsl
vertexshader,vertcol_untextured_nofog.hlsl
vertexdecl,pp.fcc0.f
techset,tools_r0c0ct0
image,$identitynormalmap
image,$white
material,$line_nodepthtest
vertexshader,floatz_resolve.hlsl
pixelshader,floatz_resolve.hlsl
techset,floatz_resolve
material,$floatz_resolve
pixelshader,floatz_resolve_ms.hlsl
techset,floatz_resolve_msaa
material,$floatz_resolve_msaa
pixelshader,textured_simple.hlsl
techset,passthru_alpha
material,feedbackreplace_gamma
image,scrollbar_arrow_up
material,scrollbar_arrow_up
image,scrollbar_arrow_up_over
material,scrollbar_arrow_up_over
image,scrollbar_arrow_down
material,scrollbar_arrow_down
image,scrollbar_arrow_down_over
material,scrollbar_arrow_down_over
computeshader,cs_fence.hlsl/cs_nop
computeshader,cs_skinning.hlsl/cs_skin_main_passthrough
computeshader,cs_skinning.hlsl/cs_skin_main_dqb
computeshader,cs_skinning.hlsl/cs_skin_tension_calculate
computeshader,cs_skinning.hlsl/cs_skin_tension_accum
computeshader,cs_blendshapes.hlsl/cs_blendshapes_copy_to_out
computeshader,cs_blendshapes.hlsl/cs_blendshapes_main
computeshader,cs_blendshapes.hlsl/cs_blendshapes_skin
computeshader,cs_tension.hlsl/cs_tension_float_to_int
computeshader,cs_tension.hlsl/cs_tension_accum
computeshader,cs_tension.hlsl/cs_tension_div
computeshader,cs_bsp_tessfactors.hlsl/cs_bsp_tessfactors_headers
computeshader,cs_bsp_tessfactors.hlsl/cs_bsp_tessfactors
computeshader,cs_bsp_tessfactors.hlsl/cs_bsp_tessfactors_single
pixelshader,tonemap_luminance.hlsl
techset,tonemap_luminance
material,tonemap_luminance
pixelshader,tonemap_linear.hlsl
techset,tonemap_linear
material,tonemap_linear
pixelshader,tonemap_reinhard.hlsl
techset,tonemap_reinhard
material,tonemap_reinhard
pixelshader,tonemap_perceptual.hlsl
techset,tonemap_hist
material,tonemap_hist
pixelshader,tonemap_filmic.hlsl
techset,tonemap_filmic
material,tonemap_filmic
pixelshader,tonemap_veil_linear.hlsl
techset,tonemap_veil_linear
material,tonemap_veil_linear
pixelshader,tonemap_veil_reinhard.hlsl
techset,tonemap_veil_reinhard
material,tonemap_veil_reinhard
pixelshader,tonemap_veil_perceptual.hlsl
techset,tonemap_veil_hist
material,tonemap_veil_hist
pixelshader,tonemap_veil_filmic.hlsl
techset,tonemap_veil_filmic
material,tonemap_veil_filmic
pixelshader,tonemap_veil_blur_linear.hlsl
techset,tonemap_veil_blur_linear
material,tonemap_veil_blur_linear
pixelshader,tonemap_veil_blur_reinhard.hlsl
techset,tonemap_veil_blur_reinhard
material,tonemap_veil_blur_reinhard
pixelshader,tonemap_veil_blur_perceptual.hlsl
techset,tonemap_veil_blur_hist
material,tonemap_veil_blur_hist
pixelshader,tonemap_veil_blur_filmic.hlsl
techset,tonemap_veil_blur_filmic
material,tonemap_veil_blur_filmic
pixelshader,tonemap_veil_dark_linear.hlsl
techset,tonemap_veil_dark_linear
material,tonemap_veil_dark_linear
pixelshader,tonemap_veil_dark_reinhard.hlsl
techset,tonemap_veil_dark_reinhard
material,tonemap_veil_dark_reinhard
pixelshader,tonemap_veil_dark_perceptual.hlsl
techset,tonemap_veil_dark_hist
material,tonemap_veil_dark_hist
pixelshader,tonemap_veil_dark_filmic.hlsl
techset,tonemap_veil_dark_filmic
material,tonemap_veil_dark_filmic
pixelshader,tonemap_blur_linear.hlsl
techset,tonemap_blur_linear
material,tonemap_blur_linear
pixelshader,tonemap_blur_reinhard.hlsl
techset,tonemap_blur_reinhard
material,tonemap_blur_reinhard
pixelshader,tonemap_blur_perceptual.hlsl
techset,tonemap_blur_hist
material,tonemap_blur_hist
pixelshader,tonemap_blur_filmic.hlsl
techset,tonemap_blur_filmic
material,tonemap_blur_filmic
pixelshader,tonemap_dark_linear.hlsl
techset,tonemap_dark_linear
material,tonemap_dark_linear
pixelshader,tonemap_dark_reinhard.hlsl
techset,tonemap_dark_reinhard
material,tonemap_dark_reinhard
pixelshader,tonemap_dark_perceptual.hlsl
techset,tonemap_dark_hist
material,tonemap_dark_hist
pixelshader,tonemap_dark_filmic.hlsl
techset,tonemap_dark_filmic
material,tonemap_dark_filmic
pixelshader,tonemap_blur_dark_linear.hlsl
techset,tonemap_blur_dark_linear
material,tonemap_blur_dark_linear
pixelshader,tonemap_blur_dark_reinhard.hlsl
techset,tonemap_blur_dark_reinhard
material,tonemap_blur_dark_reinhard
pixelshader,tonemap_blur_dark_perceptual.hlsl
techset,tonemap_blur_dark_hist
material,tonemap_blur_dark_hist
pixelshader,tonemap_blur_dark_filmic.hlsl
techset,tonemap_blur_dark_filmic
material,tonemap_blur_dark_filmic
pixelshader,tonemap_veil_blur_dark_linear.hlsl
techset,tonemap_veil_blur_dark_linear
material,tonemap_veil_blur_dark_linear
pixelshader,tonemap_veil_blur_dark_reinhard.hlsl
techset,tonemap_veil_blur_dark_reinhard
material,tonemap_veil_blur_dark_reinhard
pixelshader,tonemap_veil_blur_dark_perceptual.hlsl
techset,tonemap_veil_blur_dark_hist
material,tonemap_veil_blur_dark_hist
pixelshader,tonemap_veil_blur_dark_filmic.hlsl
techset,tonemap_veil_blur_dark_filmic
material,tonemap_veil_blur_dark_filmic
pixelshader,ssr_gen_jittered_reflection.hlsl
techset,ssr_gen_jittered_reflection
material,ssr_gen_jittered_reflection
techset,ssr_gen_smooth_horizon
material,ssr_gen_smooth_horizon
techset,ssr_gen_smooth_vertical
material,ssr_gen_smooth_vertical
pixelshader,ssr_gen_grow_horizon.hlsl
techset,ssr_gen_grow_horizon
material,ssr_gen_grow_horizon
pixelshader,ssr_gen_grow_vertical.hlsl
techset,ssr_gen_grow_vertical
material,ssr_gen_grow_vertical
vertexshader,ssr_gen_color_mip0.hlsl
pixelshader,ssr_gen_color_mip0.hlsl
techset,ssr_gen_color_mip0
material,ssr_gen_color_mip0
pixelshader,ssr_gen_depth_mip0.hlsl
techset,ssr_gen_depth_mip0
material,ssr_gen_depth_mip0
techset,ssr_downsample_color
material,ssr_downsample_color
techset,ssr_downsample_depth
material,ssr_downsample_depth
physwaterpreset,water_default
physconstraint,ballandsocket
vertexshader,ssao_calc.hlsl
pixelshader,ssao_calc_4.hlsl
techset,ssao_calc_4
material,ssao_calc_4
pixelshader,ssao_calc_7.hlsl
techset,ssao_calc_7
material,ssao_calc_7
pixelshader,ssao_calc_8.hlsl
techset,ssao_calc_8
material,ssao_calc_8
pixelshader,ssao_calc_16.hlsl
techset,ssao_calc_16
material,ssao_calc_16
pixelshader,ssao_calc_original_lq.hlsl
techset,ssao_calc_original_lq
material,ssao_calc_original_lq
pixelshader,ssao_calc_original_hq.hlsl
techset,ssao_calc_original_hq
material,ssao_calc_original_hq
pixelshader,ssao_blur_lq.hlsl
techset,ssao_blur_lq
material,ssao_blur_lq
pixelshader,ssao_blur_hq.hlsl
techset,ssao_blur_hq
material,ssao_blur_hq
pixelshader,ssao_zdownsample.hlsl
techset,ssao_zdownsample
material,ssao_zdownsample
pixelshader,ssao_bilateral_upsample.hlsl
techset,ssao_bilateral_upsample
material,ssao_bilateral_upsample_replace
material,ssao_bilateral_upsample_blend
pixelshader,ssao_debug.hlsl
techset,ssao_debug
material,ssao_debug
vertexshader,postopaquefx_clipxy.hlsl
pixelshader,postopaquefx_fog_clipxy.hlsl
techset,postopaquefx_fog
material,postopaquefx_fog
pixelshader,postopaquefx_fog_hf_clipxy.hlsl
techset,postopaquefx_fog_hf
material,postopaquefx_fog_hf
pixelshader,postopaquefx_fog_hf_flf_clipxy.hlsl
techset,postopaquefx_fog_hf_fsf
material,postopaquefx_fog_hf_fsf
pixelshader,postopaquefx_fog_flf_clipxy.hlsl
techset,postopaquefx_fog_fsf
material,postopaquefx_fog_fsf
pixelshader,postopaquefx_dfog_clipxy.hlsl
techset,postopaquefx_dfog
material,postopaquefx_dfog
pixelshader,postopaquefx_dfog_hf_clipxy.hlsl
techset,postopaquefx_dfog_hf
material,postopaquefx_dfog_hf
pixelshader,postopaquefx_ssaolq.hlsl
techset,postopaquefx_ssaolq
material,postopaquefx_ssaolq
pixelshader,postopaquefx_ssaolq_fog_clipxy.hlsl
techset,postopaquefx_ssaolq_fog
material,postopaquefx_ssaolq_fog
pixelshader,postopaquefx_ssaolq_fog_hf_clipxy.hlsl
techset,postopaquefx_ssaolq_fog_hf
material,postopaquefx_ssaolq_fog_hf
pixelshader,postopaquefx_ssaolq_fog_hf_flf_clipxy.hlsl
techset,postopaquefx_ssaolq_fog_hf_fsf
material,postopaquefx_ssaolq_fog_hf_fsf
pixelshader,postopaquefx_ssaolq_fog_flf_clipxy.hlsl
techset,postopaquefx_ssaolq_fog_fsf
material,postopaquefx_ssaolq_fog_fsf
pixelshader,postopaquefx_ssaolq_dfog_clipxy.hlsl
techset,postopaquefx_ssaolq_dfog
material,postopaquefx_ssaolq_dfog
pixelshader,postopaquefx_ssaolq_dfog_hf_clipxy.hlsl
techset,postopaquefx_ssaolq_dfog_hf
material,postopaquefx_ssaolq_dfog_hf
pixelshader,postopaquefx_ssaohq.hlsl
techset,postopaquefx_ssaohq
material,postopaquefx_ssaohq
pixelshader,postopaquefx_ssaohq_fog_clipxy.hlsl
techset,postopaquefx_ssaohq_fog
material,postopaquefx_ssaohq_fog
pixelshader,postopaquefx_ssaohq_fog_hf_clipxy.hlsl
techset,postopaquefx_ssaohq_fog_hf
material,postopaquefx_ssaohq_fog_hf
pixelshader,postopaquefx_ssaohq_fog_hf_flf_clipxy.hlsl
techset,postopaquefx_ssaohq_fog_hf_fsf
material,postopaquefx_ssaohq_fog_hf_fsf
pixelshader,postopaquefx_ssaohq_fog_flf_clipxy.hlsl
techset,postopaquefx_ssaohq_fog_fsf
material,postopaquefx_ssaohq_fog_fsf
pixelshader,postopaquefx_ssaohq_dfog_clipxy.hlsl
techset,postopaquefx_ssaohq_dfog
material,postopaquefx_ssaohq_dfog
pixelshader,postopaquefx_ssaohq_dfog_hf_clipxy.hlsl
techset,postopaquefx_ssaohq_dfog_hf
material,postopaquefx_ssaohq_dfog_hf
pixelshader,velocity_static.hlsl
techset,velocity_static
material,$velocity_static
pixelshader,velocity_static_vm.hlsl
techset,velocity_static_vm
material,$velocity_static_vm
pixelshader,velocity_composite_static_pure.hlsl
techset,velocity_composite_static_pure
material,velocity_composite_static_pure
pixelshader,velocity_composite_static_mblur.hlsl
techset,velocity_composite_static_mblur
material,velocity_composite_static_mblur
pixelshader,velocity_composite_static_pure_mblur.hlsl
techset,velocity_composite_static_pure_mblur
material,velocity_composite_static_pure_mblur
pixelshader,velocity_composite_dynamic_pure.hlsl
techset,velocity_composite_dynamic_pure
material,velocity_composite_dynamic_pure
pixelshader,velocity_composite_dynamic_mblur.hlsl
techset,velocity_composite_dynamic_mblur
material,velocity_composite_dynamic_mblur
pixelshader,velocity_composite_dynamic_pure_mblur.hlsl
techset,velocity_composite_dynamic_pure_mblur
material,velocity_composite_dynamic_pure_mblur
pixelshader,mblur_tile_downsample_0.hlsl
techset,mblur_tile_downsample_0
material,mblur_tile_downsample_0
pixelshader,mblur_tile_downsample_1.hlsl
techset,mblur_tile_downsample_1
material,mblur_tile_downsample_1
pixelshader,mblur_tile_neighbor.hlsl
techset,mblur_tile_neighbor
material,mblur_tile_neighbor
pixelshader,mblur_old.hlsl
techset,mblur_old
material,mblur_old
pixelshader,mblur_low.hlsl
techset,mblur_low
material,mblur_low
pixelshader,mblur_med.hlsl
techset,mblur_med
material,mblur_med
pixelshader,mblur_high.hlsl
techset,mblur_high
material,mblur_high
vertexshader,veil_downsample_linear.hlsl
pixelshader,veil_downsample_linear.hlsl
techset,veil_downsample_linear
material,veil_downsample_linear
pixelshader,veil_downsample_log.hlsl
techset,veil_downsample_log
material,veil_downsample_log
pixelshader,veil_downsample_karis.hlsl
techset,veil_downsample_karis
material,veil_downsample_karis
pixelshader,veil_bilinear.hlsl
techset,veil_bilinear
material,veil_bilinear
material,veil_bilinear_add
pixelshader,veil_gaussian_low.hlsl
techset,veil_gaussian_low
material,veil_gaussian_low
pixelshader,veil_gaussian_med.hlsl
techset,veil_gaussian_med
material,veil_gaussian_med
pixelshader,veil_gaussian_high.hlsl
techset,veil_gaussian_high
material,veil_gaussian_high
pixelshader,veil_gaussian_add_low.hlsl
techset,veil_gaussian_add_low
material,veil_gaussian_add_low
pixelshader,veil_gaussian_add_med.hlsl
techset,veil_gaussian_add_med
material,veil_gaussian_add_med
pixelshader,veil_gaussian_add_high.hlsl
techset,veil_gaussian_add_high
material,veil_gaussian_add_high
vertexshader,sss_reflectance_x_low.hlsl
pixelshader,sss_reflectance_x_low.hlsl
techset,sss_reflectance_x_low
material,sss_reflectance_x_low
pixelshader,sss_reflectance_y_low.hlsl
techset,sss_reflectance_y_low
material,sss_reflectance_y_low
pixelshader,sss_reflectance_x_med.hlsl
techset,sss_reflectance_x_med
material,sss_reflectance_x_med
pixelshader,sss_reflectance_y_med.hlsl
techset,sss_reflectance_y_med
material,sss_reflectance_y_med
pixelshader,sss_reflectance_x_high.hlsl
techset,sss_reflectance_x_high
material,sss_reflectance_x_high
pixelshader,sss_reflectance_y_high.hlsl
techset,sss_reflectance_y_high
material,sss_reflectance_y_high
pixelshader,dof_tile_downsample_0.hlsl
techset,dof_tile_downsample_0
material,dof_tile_downsample_0
pixelshader,dof_tile_downsample_1.hlsl
techset,dof_tile_downsample_1
material,dof_tile_downsample_1
pixelshader,dof_tile_downsample_0_halfres.hlsl
techset,dof_tile_downsample_halfres_0
material,dof_tile_downsample_halfres_0
pixelshader,dof_tile_downsample_1_halfres.hlsl
techset,dof_tile_downsample_halfres_1
material,dof_tile_downsample_halfres_1
pixelshader,dof_tile_neighbor.hlsl
techset,dof_tile_neighbor
material,dof_tile_neighbor
pixelshader,dof_box_half_low.hlsl
techset,dof_box_half_low
material,dof_box_half_low
pixelshader,dof_box_half_med.hlsl
techset,dof_box_half_med
material,dof_box_half_med
pixelshader,dof_box_half_high.hlsl
techset,dof_box_half_high
material,dof_box_half_high
techset,dof_box_half_max_low
material,dof_box_half_max_low
techset,dof_box_half_max_med
material,dof_box_half_max_med
techset,dof_box_half_max_high
material,dof_box_half_max_high
pixelshader,dof_box_low.hlsl
techset,dof_box_low
material,dof_box_low
pixelshader,dof_box_med.hlsl
techset,dof_box_med
material,dof_box_med
pixelshader,dof_box_high.hlsl
techset,dof_box_high
material,dof_box_high
techset,dof_box_min_low
material,dof_box_min_low
techset,dof_box_min_med
material,dof_box_min_med
techset,dof_box_min_high
material,dof_box_min_high
pixelshader,dof_prepass.hlsl
techset,dof_prepass
material,dof_prepass
pixelshader,dof_median.hlsl
techset,dof_median
material,dof_median
pixelshader,dof_upsample.hlsl
techset,dof_upsample
material,dof_upsample
pixelshader,dof_circular_low.hlsl
techset,dof_circular_low
material,dof_circular_low
pixelshader,dof_circular_med.hlsl
techset,dof_circular_med
material,dof_circular_med
pixelshader,dof_circular_high.hlsl
techset,dof_circular_high
material,dof_circular_high
vertexshader,smaa_edge_detection.hlsl
pixelshader,smaa_edge_detection.hlsl
techset,smaa_edge_detection
material,smaa_edge_detection
vertexshader,smaa_neighborhood_blending.hlsl
pixelshader,smaa_neighborhood_blending.hlsl
techset,smaa_neighborhood_blending
material,smaa_neighborhood_blending
pixelshader,smaa_neighborhood_blending_t2x.hlsl
techset,smaa_neighborhood_blending_t2x
material,smaa_neighborhood_blending_t2x
vertexshader,smaa_blending_weight_calculation.hlsl
pixelshader,smaa_blending_weight_calculation.hlsl
techset,smaa_blending_weight_calculation
image,smaa_area_tex
image,smaa_search_tex
material,smaa_blending_weight_calculation
pixelshader,smaa_filmic_filter.hlsl
techset,smaa_filmic_filter
material,smaa_filmic_filter
pixelshader,inf_clamp_copy.hlsl
techset,inf_clamp_copy
material,inf_clamp_copy
vertexshader,trivial_vertcol_simple.hlsl
pixelshader,blur_apply_replace.hlsl
techset,blur_apply_replace
material,blur_apply_replace
pixelshader,blur_apply.hlsl
techset,blur_apply
material,blur_apply
pixelshader,blur_apply_film.hlsl
techset,blur_apply_film
material,blur_apply_film
pixelshader,blur_apply_film_color2.hlsl
techset,blur_apply_film_color2
material,blur_apply_film_color2
pixelshader,postfx_dof.hlsl
techset,postfx_dof
material,postfx_dof
pixelshader,postfx_dof_color.hlsl
techset,postfx_dof_color
material,postfx_dof_color
pixelshader,postfx_dof_color2.hlsl
techset,postfx_dof_color2
material,postfx_dof_color2
pixelshader,postfx_daltonize_dof.hlsl
techset,postfx_daltonize_dof
material,postfx_daltonize_dof
pixelshader,postfx_daltonize_dof_color.hlsl
techset,postfx_daltonize_dof_color
material,postfx_daltonize_dof_color
pixelshader,postfx_daltonize_dof_color2.hlsl
techset,postfx_daltonize_dof_color2
material,postfx_daltonize_dof_color2
pixelshader,postfx_dofphy.hlsl
techset,postfx_dofphy
material,postfx_dofphy
pixelshader,postfx_dofphy_color.hlsl
techset,postfx_dofphy_color
material,postfx_dofphy_color
pixelshader,postfx_dofphy_color2.hlsl
techset,postfx_dofphy_color2
material,postfx_dofphy_color2
pixelshader,postfx_daltonize_dofphy.hlsl
techset,postfx_daltonize_dofphy
material,postfx_daltonize_dofphy
pixelshader,postfx_daltonize_dofphy_color.hlsl
techset,postfx_daltonize_dofphy_color
material,postfx_daltonize_dofphy_color
pixelshader,postfx_daltonize_dofphy_color2.hlsl
techset,postfx_daltonize_dofphy_color2
material,postfx_daltonize_dofphy_color2
pixelshader,postfx.hlsl
techset,postfx
material,postfx
pixelshader,postfx_color.hlsl
techset,postfx_color
material,postfx_color
pixelshader,postfx_color2.hlsl
techset,postfx_color2
material,postfx_color2
pixelshader,postfx_daltonize.hlsl
techset,postfx_daltonize
material,postfx_daltonize
pixelshader,postfx_daltonize_color.hlsl
techset,postfx_daltonize_color
material,postfx_daltonize_color
pixelshader,postfx_daltonize_color2.hlsl
techset,postfx_daltonize_color2
material,postfx_daltonize_color2
vertexshader,glow_consistent_setup.hlsl
pixelshader,glow_consistent_setup.hlsl
techset,glow_consistent_setup
material,glow_consistent_setup
pixelshader,glow_consistent_setup_color2.hlsl
techset,glow_consistent_setup_color2
material,glow_consistent_setup_color2
pixelshader,glow_consistent_setup_clut.hlsl
techset,glow_consistent_setup_clut
material,glow_consistent_setup_clut
pixelshader,glow_consistent_setup_color2_clut.hlsl
techset,glow_consistent_setup_color2_clut
material,glow_consistent_setup_color2_clut
pixelshader,glow_alternate_setup.hlsl
techset,glow_alternate_setup
material,glow_alternate_setup
pixelshader,glow_alternate_setup_color2.hlsl
techset,glow_alternate_setup_color2
material,glow_alternate_setup_color2
pixelshader,glow_alternate_setup_clut.hlsl
techset,glow_alternate_setup_clut
material,glow_alternate_setup_clut
pixelshader,glow_alternate_setup_color2_clut.hlsl
techset,glow_alternate_setup_color2_clut
material,glow_alternate_setup_color2_clut
pixelshader,glow_apply_bloom.hlsl
techset,glow_apply_bloom
material,glow_apply_bloom
pixelshader,postfx_watersheeting_color2.hlsl
techset,postfx_watersheeting_color2
image,watersheeting_fx_distortion
material,postfx_watersheeting_color2
pixelshader,postfx_watersheeting_color2_daltonize.hlsl
techset,postfx_watersheeting_color2_daltonize
material,postfx_watersheeting_color2_daltonize
clut,clut_identity
clut,clut_thermal
clut,clut_rainbow
pixelshader,blur_apply_film_clut.hlsl
techset,blur_apply_film_clut
material,blur_apply_film_clut
pixelshader,blur_apply_film_color2_clut.hlsl
techset,blur_apply_film_color2_clut
material,blur_apply_film_color2_clut
pixelshader,postfx_dof_clut.hlsl
techset,postfx_dof_clut
material,postfx_dof_clut
pixelshader,postfx_dof_color_clut.hlsl
techset,postfx_dof_color_clut
material,postfx_dof_color_clut
pixelshader,postfx_dof_color2_clut.hlsl
techset,postfx_dof_color2_clut
material,postfx_dof_color2_clut
pixelshader,postfx_daltonize_dof_clut.hlsl
techset,postfx_daltonize_dof_clut
material,postfx_daltonize_dof_clut
pixelshader,postfx_daltonize_dof_color_clut.hlsl
techset,postfx_daltonize_dof_color_clut
material,postfx_daltonize_dof_color_clut
pixelshader,postfx_daltonize_dof_color2_clut.hlsl
techset,postfx_daltonize_dof_color2_clut
material,postfx_daltonize_dof_color2_clut
pixelshader,postfx_clut.hlsl
techset,postfx_clut
material,postfx_clut
pixelshader,postfx_color_clut.hlsl
techset,postfx_color_clut
material,postfx_color_clut
pixelshader,postfx_color2_clut.hlsl
techset,postfx_color2_clut
material,postfx_color2_clut
pixelshader,postfx_daltonize_clut.hlsl
techset,postfx_daltonize_clut
material,postfx_daltonize_clut
pixelshader,postfx_daltonize_color_clut.hlsl
techset,postfx_daltonize_color_clut
material,postfx_daltonize_color_clut
pixelshader,postfx_daltonize_color2_clut.hlsl
techset,postfx_daltonize_color2_clut
material,postfx_daltonize_color2_clut
pixelshader,postfx_dofphy_clut.hlsl
techset,postfx_dofphy_clut
material,postfx_dofphy_clut
pixelshader,postfx_dofphy_color_clut.hlsl
techset,postfx_dofphy_color_clut
material,postfx_dofphy_color_clut
pixelshader,postfx_dofphy_color2_clut.hlsl
techset,postfx_dofphy_color2_clut
material,postfx_dofphy_color2_clut
pixelshader,postfx_daltonize_dofphy_clut.hlsl
techset,postfx_daltonize_dofphy_clut
material,postfx_daltonize_dofphy_clut
pixelshader,postfx_daltonize_dofphy_color_clut.hlsl
techset,postfx_daltonize_dofphy_color_clut
material,postfx_daltonize_dofphy_color_clut
pixelshader,postfx_daltonize_dofphy_color2_clut.hlsl
techset,postfx_daltonize_dofphy_color2_clut
material,postfx_daltonize_dofphy_color2_clut
vertexshader,dof_depthhack.hlsl
pixelshader,dof_depthhack.hlsl
techset,dof_depthhack
material,dof_depthhack
pixelshader,ssao_blur_msaa_lq.hlsl
techset,ssao_blur_msaa_lq
material,ssao_blur_msaa_lq
pixelshader,ssao_blur_msaa_hq.hlsl
techset,ssao_blur_msaa_hq
material,ssao_blur_msaa_hq
vertexshader,downsample_4x2.hlsl
pixelshader,downsample_4x2.hlsl
techset,downsample_4x2
material,downsample_4x2
pixelshader,downsample_4x4.hlsl
techset,downsample_4x4
material,downsample_4x4
computeshader,cs_hemi_ao_prepare_depth_buffers1.hlsl/main
computeshader,cs_hemi_ao_prepare_depth_buffers2.hlsl/main
computeshader,cs_hemi_ao_prepare_depth_buffers1_max_depth.hlsl/main
computeshader,cs_hemi_ao_prepare_depth_buffers2_max_depth.hlsl/main
computeshader,cs_hemi_ao_render1.hlsl/main
computeshader,cs_hemi_ao_render2.hlsl/main
computeshader,cs_hemi_ao_blur_upsample_blend_out.hlsl/main
computeshader,cs_hemi_ao_blur_upsample_pre_min_blend_out.hlsl/main
computeshader,cs_hemi_ao_blur_upsample_pre_mul_blend_out.hlsl/main
computeshader,cs_hemi_ao_blur_upsample_post_min_blend_out.hlsl/main
computeshader,cs_hemi_ao_blur_upsample_post_mul_blend_out.hlsl/main
computeshader,cs_hemi_ao_blur_upsample.hlsl/main
computeshader,cs_hemi_ao_blur_upsample_fog.hlsl/main
computeshader,cs_hemi_ao_blur_upsample_fog_hf.hlsl/main
computeshader,cs_hemi_ao_blur_upsample_fog_hf_fsf.hlsl/main
computeshader,cs_hemi_ao_blur_upsample_fog_fsf.hlsl/main
computeshader,cs_hemi_ao_blur_upsample_dfog.hlsl/main
computeshader,cs_hemi_ao_blur_upsample_dfog_hf.hlsl/main
computeshader,cs_hemi_ao_blur_upsample_lower_pre.hlsl/main
computeshader,cs_hemi_ao_blur_upsample_lower_pre_fog.hlsl/main
computeshader,cs_hemi_ao_blur_upsample_lower_pre_fog_hf.hlsl/main
computeshader,cs_hemi_ao_blur_upsample_lower_pre_fog_hf_fsf.hlsl/main
computeshader,cs_hemi_ao_blur_upsample_lower_pre_fog_fsf.hlsl/main
computeshader,cs_hemi_ao_blur_upsample_lower_pre_dfog.hlsl/main
computeshader,cs_hemi_ao_blur_upsample_lower_pre_dfog_hf.hlsl/main
computeshader,cs_hemi_ao_blur_upsample_lower_pre_mul.hlsl/main
computeshader,cs_hemi_ao_blur_upsample_lower_pre_mul_fog.hlsl/main
computeshader,cs_hemi_ao_blur_upsample_lower_pre_mul_fog_hf.hlsl/main
computeshader,cs_hemi_ao_blur_upsample_lower_pre_mul_fog_hf_fsf.hlsl/main
computeshader,cs_hemi_ao_blur_upsample_lower_pre_mul_fog_fsf.hlsl/main
computeshader,cs_hemi_ao_blur_upsample_lower_pre_mul_dfog.hlsl/main
computeshader,cs_hemi_ao_blur_upsample_lower_pre_mul_dfog_hf.hlsl/main
computeshader,cs_hemi_ao_blur_upsample_lower.hlsl/main
computeshader,cs_hemi_ao_blur_upsample_lower_fog.hlsl/main
computeshader,cs_hemi_ao_blur_upsample_lower_fog_hf.hlsl/main
computeshader,cs_hemi_ao_blur_upsample_lower_fog_hf_fsf.hlsl/main
computeshader,cs_hemi_ao_blur_upsample_lower_fog_fsf.hlsl/main
computeshader,cs_hemi_ao_blur_upsample_lower_dfog.hlsl/main
computeshader,cs_hemi_ao_blur_upsample_lower_dfog_hf.hlsl/main
computeshader,cs_hemi_ao_blur_upsample_lower_mul.hlsl/main
computeshader,cs_hemi_ao_blur_upsample_lower_mul_fog.hlsl/main
computeshader,cs_hemi_ao_blur_upsample_lower_mul_fog_hf.hlsl/main
computeshader,cs_hemi_ao_blur_upsample_lower_mul_fog_hf_fsf.hlsl/main
computeshader,cs_hemi_ao_blur_upsample_lower_mul_fog_fsf.hlsl/main
computeshader,cs_hemi_ao_blur_upsample_lower_mul_dfog.hlsl/main
computeshader,cs_hemi_ao_blur_upsample_lower_mul_dfog_hf.hlsl/main
computeshader,cs_hemi_ao_blur_upsample_ssao.hlsl/main
computeshader,cs_hemi_ao_blur_upsample_ssao_fog.hlsl/main
computeshader,cs_hemi_ao_blur_upsample_ssao_fog_hf.hlsl/main
computeshader,cs_hemi_ao_blur_upsample_ssao_fog_hf_fsf.hlsl/main
computeshader,cs_hemi_ao_blur_upsample_ssao_fog_fsf.hlsl/main
computeshader,cs_hemi_ao_blur_upsample_ssao_dfog.hlsl/main
computeshader,cs_hemi_ao_blur_upsample_ssao_dfog_hf.hlsl/main
computeshader,cs_hemi_ao_blur_upsample_lower_pre_ssao.hlsl/main
computeshader,cs_hemi_ao_blur_upsample_lower_pre_ssao_fog.hlsl/main
computeshader,cs_hemi_ao_blur_upsample_lower_pre_ssao_fog_hf.hlsl/main
computeshader,cs_hemi_ao_blur_upsample_lower_pre_ssao_fog_hf_fsf.hlsl/main
computeshader,cs_hemi_ao_blur_upsample_lower_pre_ssao_fog_fsf.hlsl/main
computeshader,cs_hemi_ao_blur_upsample_lower_pre_ssao_dfog.hlsl/main
computeshader,cs_hemi_ao_blur_upsample_lower_pre_ssao_dfog_hf.hlsl/main
computeshader,cs_hemi_ao_blur_upsample_lower_pre_mul_ssao.hlsl/main
computeshader,cs_hemi_ao_blur_upsample_lower_pre_mul_ssao_fog.hlsl/main
computeshader,cs_hemi_ao_blur_upsample_lower_pre_mul_ssao_fog_hf.hlsl/main
computeshader,cs_hemi_ao_blur_upsample_lower_pre_mul_ssao_fog_hf_fsf.hlsl/main
computeshader,cs_hemi_ao_blur_upsample_lower_pre_mul_ssao_fog_fsf.hlsl/main
computeshader,cs_hemi_ao_blur_upsample_lower_pre_mul_ssao_dfog.hlsl/main
computeshader,cs_hemi_ao_blur_upsample_lower_pre_mul_ssao_dfog_hf.hlsl/main
computeshader,cs_hemi_ao_blur_upsample_lower_ssao.hlsl/main
computeshader,cs_hemi_ao_blur_upsample_lower_ssao_fog.hlsl/main
computeshader,cs_hemi_ao_blur_upsample_lower_ssao_fog_hf.hlsl/main
computeshader,cs_hemi_ao_blur_upsample_lower_ssao_fog_hf_fsf.hlsl/main
computeshader,cs_hemi_ao_blur_upsample_lower_ssao_fog_fsf.hlsl/main
computeshader,cs_hemi_ao_blur_upsample_lower_ssao_dfog.hlsl/main
computeshader,cs_hemi_ao_blur_upsample_lower_ssao_dfog_hf.hlsl/main
computeshader,cs_hemi_ao_blur_upsample_lower_mul_ssao.hlsl/main
computeshader,cs_hemi_ao_blur_upsample_lower_mul_ssao_fog.hlsl/main
computeshader,cs_hemi_ao_blur_upsample_lower_mul_ssao_fog_hf.hlsl/main
computeshader,cs_hemi_ao_blur_upsample_lower_mul_ssao_fog_hf_fsf.hlsl/main
computeshader,cs_hemi_ao_blur_upsample_lower_mul_ssao_fog_fsf.hlsl/main
computeshader,cs_hemi_ao_blur_upsample_lower_mul_ssao_dfog.hlsl/main
computeshader,cs_hemi_ao_blur_upsample_lower_mul_ssao_dfog_hf.hlsl/main
computeshader,cs_hemi_ao_blur_upsample_ssao_mdao.hlsl/main
computeshader,cs_hemi_ao_blur_upsample_ssao_mdao_fog.hlsl/main
computeshader,cs_hemi_ao_blur_upsample_ssao_mdao_fog_hf.hlsl/main
computeshader,cs_hemi_ao_blur_upsample_ssao_mdao_fog_hf_fsf.hlsl/main
computeshader,cs_hemi_ao_blur_upsample_ssao_mdao_fog_fsf.hlsl/main
computeshader,cs_hemi_ao_blur_upsample_ssao_mdao_dfog.hlsl/main
computeshader,cs_hemi_ao_blur_upsample_ssao_mdao_dfog_hf.hlsl/main
computeshader,cs_hemi_ao_blur_upsample_lower_pre_ssao_mdao.hlsl/main
computeshader,cs_hemi_ao_blur_upsample_lower_pre_ssao_mdao_fog.hlsl/main
computeshader,cs_hemi_ao_blur_upsample_lower_pre_ssao_mdao_fog_hf.hlsl/main
computeshader,cs_hemi_ao_blur_upsample_lower_pre_ssao_mdao_fog_hf_fsf.hlsl/main
computeshader,cs_hemi_ao_blur_upsample_lower_pre_ssao_mdao_fog_fsf.hlsl/main
computeshader,cs_hemi_ao_blur_upsample_lower_pre_ssao_mdao_dfog.hlsl/main
computeshader,cs_hemi_ao_blur_upsample_lower_pre_ssao_mdao_dfog_hf.hlsl/main
computeshader,cs_hemi_ao_blur_upsample_lower_pre_mul_ssao_mdao.hlsl/main
computeshader,cs_hemi_ao_blur_upsample_lower_pre_mul_ssao_mdao_fog.hlsl/main
computeshader,cs_hemi_ao_blur_upsample_lower_pre_mul_ssao_mdao_fog_hf.hlsl/main
computeshader,cs_hemi_ao_blur_upsample_lower_pre_mul_ssao_mdao_fog_hf_fsf.hlsl/main
computeshader,cs_hemi_ao_blur_upsample_lower_pre_mul_ssao_mdao_fog_fsf.hlsl/main
computeshader,cs_hemi_ao_blur_upsample_lower_pre_mul_ssao_mdao_dfog.hlsl/main
computeshader,cs_hemi_ao_blur_upsample_lower_pre_mul_ssao_mdao_dfog_hf.hlsl/main
computeshader,cs_hemi_ao_blur_upsample_lower_ssao_mdao.hlsl/main
computeshader,cs_hemi_ao_blur_upsample_lower_ssao_mdao_fog.hlsl/main
computeshader,cs_hemi_ao_blur_upsample_lower_ssao_mdao_fog_hf.hlsl/main
computeshader,cs_hemi_ao_blur_upsample_lower_ssao_mdao_fog_hf_fsf.hlsl/main
computeshader,cs_hemi_ao_blur_upsample_lower_ssao_mdao_fog_fsf.hlsl/main
computeshader,cs_hemi_ao_blur_upsample_lower_ssao_mdao_dfog.hlsl/main
computeshader,cs_hemi_ao_blur_upsample_lower_ssao_mdao_dfog_hf.hlsl/main
computeshader,cs_hemi_ao_blur_upsample_lower_mul_ssao_mdao.hlsl/main
computeshader,cs_hemi_ao_blur_upsample_lower_mul_ssao_mdao_fog.hlsl/main
computeshader,cs_hemi_ao_blur_upsample_lower_mul_ssao_mdao_fog_hf.hlsl/main
computeshader,cs_hemi_ao_blur_upsample_lower_mul_ssao_mdao_fog_hf_fsf.hlsl/main
computeshader,cs_hemi_ao_blur_upsample_lower_mul_ssao_mdao_fog_fsf.hlsl/main
computeshader,cs_hemi_ao_blur_upsample_lower_mul_ssao_mdao_dfog.hlsl/main
computeshader,cs_hemi_ao_blur_upsample_lower_mul_ssao_mdao_dfog_hf.hlsl/main
image,h1_ui_icon_toggle_unchecked
material,box_empty
image,h1_ui_icon_toggle_checked
material,box_check
image,ui_invisible
material,dest_alpha_zero
image,ui_icon_add
material,specialty_ks_null
image,box_popup_titlebar_lt
material,box_popup_titlebar_lt
image,box_popup_titlebar_mid
material,box_popup_titlebar_mid
image,box_popup_titlebar_rt
material,box_popup_titlebar_rt
image,box_white_gradient_top
material,box_white_gradient_top
image,h1_ui_icon_lock
material,icon_lock_mini
image,glow9slice_green
material,s1_9slice_highlight
image,frame_border
material,s1_9slice_border
image,text_glow
material,s1_9slice_glow
image,h1_btn_reg_selected_greenline
material,h1_btn_reg_selected_greenline
image,h1_btn_reg_selected_glow
material,h1_btn_reg_selected_glow
image,h1_btn_reg_selected_contour
material,h1_btn_reg_selected_contour
image,h1_btn_reg_selected
material,h1_reg_btn_selected_add
image,h1_deco_arrows
material,h1_deco_arrows
image,h1_deco_arrows_left
material,h1_deco_arrows_left
image,h1_deco_arrows_up
material,h1_deco_arrows_up
image,h1_deco_arrows_right
material,h1_deco_arrows_right
image,h1_tabs_bg
material,h1_tabs_bg
image,h1_tabs_states_disable
material,h1_tabs_states_disable
image,h1_tabs_states_disable_hover
material,h1_tabs_states_disable_hover
image,h1_tabs_states_normal
material,h1_tabs_states_normal
image,h1_tabs_states_selected
material,h1_tabs_states_selected
image,h1_bg_option_popupbox
material,h1_bg_option_popupbox
image,h1_bg_option_infobox
material,h1_bg_option_infobox
image,h1_deco_option_title
material,h1_deco_option_title
image,h1_btn_option_popup_btn_selected
material,h1_btn_option_popup_btn_selected
image,h1_deco_option_scrollbar_arrows
material,h1_deco_option_scrollbar_arrows
image,h1_deco_option_scrollbar_slider
material,h1_deco_option_scrollbar_slider
image,h1_deco_header_icon_doublebars
material,h1_deco_header_icon_doublebars
image,h1_deco_divider_3slice_green
material,h1_ui_divider_green
image,h1_scrollbar_fill_normal
material,h1_scrollbar_fill_normal
image,h1_scrollbar_fill_selected
material,h1_scrollbar_fill_selected
image,h1_scrollbar_bg
material,h1_scrollbar_bg
image,h1_bg_option_slider_bg
material,h1_bg_option_slider_bg
image,h1_bg_option_slider_bar
material,h1_bg_option_slider_bar
image,h1_bg_option_slider_outline_glow
material,h1_bg_option_slider_outline_glow
image,h1_arrow_left_mission_select
material,h1_arrow_left_mission_select
image,h1_arrow_right_mission_select
material,h1_arrow_right_mission_select
image,cont_xenon
material,cont
image,h1_deco_option_arrow_controller
material,h1_deco_option_arrow_controller
image,h1_deco_option_controller_x1
material,h1_deco_option_controller_x1
image,h1_deco_option_controller_x1_lines
material,h1_deco_option_controller_x1_lines
techset,2d_pd
material,white_depth
image,h1_bgart_screentitle
material,h1_ui_title
vertexshader,ui_title.hlsl
vertexdecl,pp.7cc0.ft0t0.3
pixelshader,ui_title.hlsl
techset,ui_title
image,h1_title_background_color
image,h1_title_background_mask_2
image,h1_title_background_mask_1
material,h1_title_background
image,h1_title_glitch
material,h1_title_glitch
image,h1_title_splatter01
material,h1_title_splatter01
image,h1_title_splatter02
material,h1_title_splatter02
image,h1_btn_unfocused
material,h1_ui_btn_unfocused
image,h1_btn_focused_fill
material,h1_ui_btn_focused_fill
image,h1_btn_focused_scanlines
material,h1_ui_btn_focused_scanlines
image,h1_btn_focused_stroke
material,h1_ui_btn_focused_stroke
image,h1_btn_focused_rect_stroke
material,h1_ui_btn_focused_stroke_square
image,h1_btn_focused_outerglow
material,h1_ui_btn_focused_glow
image,h1_btn_focused_innerglow
material,h1_ui_btn_focused_inner_glow
image,h1_deco_divider_3slice
material,h1_ui_divider
image,h1_deco_hrule_0to100to0_gradient
material,h1_ui_divider_gradient_center
image,h1_deco_hrule_100to0_gradient
material,h1_ui_divider_gradient_left
image,h1_deco_greentriangle
material,h1_ui_deco_green_triangle
image,h1_menu_bg_footer
material,h1_ui_footer_glitch
image,h1_menu_bg_header
material,h1_ui_header_glitch
image,h1_playercard_overlay
material,h1_ui_playercard_wedge
image,h1_deco_dot_pattern
material,h1_ui_dot_pattern
image,h1_deco_dot_pattern_lg
material,h1_ui_dot_pattern_lg
image,h1_menu_bg_vignette
material,h1_ui_bg_vignette
image,h1_ffa-top3-decoshape
material,h1_ui_top3_deco
image,h1_btn_focused_overlay_glow
material,h1_btn_focused_overlay_glow
image,h1_btn_locked_unfocused
material,h1_btn_locked_unfocused
image,h1_btn_locked_overlay
material,h1_btn_locked_overlay
image,h1_btn_focused_rect_innerglow
material,btn_focused_rect_innerglow
image,h1_ui_icon_alert
material,h1_ui_icon_unlock_warning
image,h1_mp_scoreboard_colorbar_enemy
material,h1_ui_scoreboard_colorbar_enemy
image,h1_mp_scoreboard_colorbar_team
material,h1_ui_scoreboard_colorbar_team
image,h1_mp_endgame_scorebar_enemy
material,h1_ui_endgame_scorebar_enemy
image,h1_mp_endgame_scorebar_team
material,h1_ui_endgame_scorebar_team
image,h1_deco_hashes_white_vert
material,h1_deco_hashes_white_vert
image,h1_hud_deco_hashes_team
material,h1_hud_deco_hashes_team
image,h1_deco_gradient_white_100to0
material,h1_deco_gradient_white_100to0
image,h1_leaderboard_header
material,h1_leaderboard_header
image,h1_leaderboard_row01
material,h1_leaderboard_row01
image,h1_leaderboard_row02
material,h1_leaderboard_row02
image,h1_leaderboard_rowplayer
material,h1_leaderboard_rowplayer
image,gradient_slow_fadein
material,gradient_slow_fadein
image,h1_ui_progressbar_green
material,h1_ui_progressbar_green
image,h1_deco_system_dialog_bg
material,h1_deco_system_dialog_bg
image,h1_deco_system_dialog_slashes
material,h1_deco_system_dialog_slashes
image,h1_deco_title_point
material,h1_deco_title_point
image,h1_popup_title_bg
material,h1_popup_title_bg
image,h1_popup_bg
material,h1_popup_bg
image,h1_deco_corner
material,h1_deco_corner
image,h1_popup_title_line
material,h1_popup_title_line
image,h1_popup_dark_vignetting
material,h1_popup_dark_vignetting
image,h1_frame_grey
material,h1_ui_frame
image,h1_frame_green
material,h1_ui_frame_green
image,h1_btn_reg_current_selected
material,h1_btn_reg_current_selected
loaded_sound,user_interface/h1_ui_box_text_apear
sndcurve,$default
lpfcurve,$default
reverbsendcurve,$default
sound,h1_ui_box_text_apear
loaded_sound,user_interface/h1_ui_box_text_disappear
sound,h1_ui_box_text_disappear
loaded_sound,user_interface/h1_ui_main_menu_appear
sound,h1_ui_main_menu_appear
loaded_sound,user_interface/h1_ui_menu_accept
sound,h1_ui_menu_accept
loaded_sound,user_interface/h1_ui_menu_back
sound,h1_ui_menu_back
loaded_sound,user_interface/h1_ui_menu_change_tab
sound,h1_ui_menu_change_tab
loaded_sound,user_interface/h1_ui_menu_lock_scroll
sound,h1_ui_menu_lock_scroll
loaded_sound,user_interface/h1_ui_menu_lock_scroll_press
sound,h1_ui_menu_lock_scroll_press
loaded_sound,user_interface/h1_ui_menu_overheat_machine_gun
sound,h1_ui_menu_overheat_machine_gun
loaded_sound,user_interface/h1_ui_menu_scroll
sound,h1_ui_menu_scroll
loaded_sound,user_interface/h1_ui_menu_text
sound,h1_ui_menu_text
loaded_sound,user_interface/h1_ui_menu_warning_box_appear
sound,h1_ui_menu_warning_box_appear
loaded_sound,user_interface/h1_ui_pause_menu_resume
sound,h1_ui_pause_menu_resume
loaded_sound,misc/coup_assassination_fire_00d
sound,h1_ui_prestige
loaded_sound,user_interface/h1_ui_radar_spot_blink
sound,h1_ui_radar_spot_blink
loaded_sound,user_interface/h1_ui_sub_menu_campain_appear
sound,h1_ui_sub_menu_campain_appear
vertexshader,distortion_shade_legacydst_blurdst_ui.hlsl
vertexdecl,pp.fcc0.ft0t0.3nn.7
pixelshader,distortion_shade_dat_legacydst_blurdst_ui.hlsl
vertexshader,distortion_shade_legacydst_blurdst.hlsl
vertexdecl,pp.fcc0.ft0t0.3nn.7tt1.7
pixelshader,distortion_shade_dat_legacydst_blurdst.hlsl
techset,distortion_shade_legacydst_blurdst_dat
image,distort_fe_background_blur_noise
material,distort_hud_bkgnd_ui_blur
image,ui_icon_up
material,s1_icon_up
image,ui_icon_down
material,s1_icon_down
image,ui_icon_locked
material,s1_icon_locked
material,s1_icon_locked_full
image,h1_deco_cac_slot
material,h1_deco_cac_slot
image,accuracy_greeble_01
material,mtl_accuracy_bars_far
image,accuracy_greeble_02
material,mtl_accuracy_bars_medium
image,accuracy_greeble_03
material,mtl_accuracy_bars_near
image,box_label_green_fill
material,box_label_green_fill
image,h1_faction_opfor
material,h1_faction_opfor
image,h1_faction_opfor_soft
material,h1_faction_opfor_soft
image,h1_faction_russian
material,h1_faction_russian
image,h1_faction_russian_soft
material,h1_faction_russian_soft
image,h1_faction_sas
material,h1_faction_sas
image,h1_faction_sas_soft
material,h1_faction_sas_soft
image,h1_faction_marines
material,h1_faction_marines
image,h1_faction_marines_soft
material,h1_faction_marines_soft
image,server_hardware_unknown
material,server_hardware_unknown
image,server_hardware_dedicated
material,server_hardware_linux_dedicated
material,server_hardware_win_dedicated
material,server_hardware_win_listen
material,server_hardware_mac_listen
material,server_hardware_mac_dedicated
image,xp
material,xp
image,gxp
material,gxp
pixelshader,filter_symmetric_1_0.hlsl
techset,filter_symmetric_1
material,filter_symmetric_1
pixelshader,filter_symmetric_2_0.hlsl
techset,filter_symmetric_2
material,filter_symmetric_2
pixelshader,filter_symmetric_3_0.hlsl
techset,filter_symmetric_3
material,filter_symmetric_3
pixelshader,filter_symmetric_4_0.hlsl
techset,filter_symmetric_4
material,filter_symmetric_4
pixelshader,filter_symmetric_5_0.hlsl
techset,filter_symmetric_5
material,filter_symmetric_5
pixelshader,filter_symmetric_6_0.hlsl
techset,filter_symmetric_6
material,filter_symmetric_6
pixelshader,filter_symmetric_7_0.hlsl
techset,filter_symmetric_7
material,filter_symmetric_7
pixelshader,filter_symmetric_8_8.hlsl
techset,filter_symmetric_8
material,filter_symmetric_8
pixelshader,filter_symmetric_9_8.hlsl
techset,filter_symmetric_9
material,filter_symmetric_9
pixelshader,filter_symmetric_10_8.hlsl
techset,filter_symmetric_10
material,filter_symmetric_10
material,filter_symmetric_1_lin
material,filter_symmetric_2_lin
material,filter_symmetric_3_lin
material,filter_symmetric_4_lin
material,filter_symmetric_5_lin
material,filter_symmetric_6_lin
material,filter_symmetric_7_lin
material,filter_symmetric_8_lin
material,filter_symmetric_9_lin
material,filter_symmetric_10_lin
pixelshader,filter_symmetric_11_8.hlsl
techset,filter_symmetric_11
material,filter_symmetric_11
pixelshader,filter_symmetric_12_8.hlsl
techset,filter_symmetric_12
material,filter_symmetric_12
pixelshader,filter_symmetric_13_8.hlsl
techset,filter_symmetric_13
material,filter_symmetric_13
pixelshader,filter_symmetric_14_8.hlsl
techset,filter_symmetric_14
material,filter_symmetric_14
pixelshader,filter_symmetric_15_8.hlsl
techset,filter_symmetric_15
material,filter_symmetric_15
pixelshader,filter_symmetric_16_8.hlsl
techset,filter_symmetric_16
material,filter_symmetric_16
material,filter_symmetric_11_lin
material,filter_symmetric_12_lin
material,filter_symmetric_13_lin
material,filter_symmetric_14_lin
material,filter_symmetric_15_lin
material,filter_symmetric_16_lin
sndcurve,default
snddriverglobals,singleton
reverbpreset,alcove_carpet
reverbpreset,alcove_concrete
reverbpreset,alcove_marble
reverbpreset,alcove_metal
reverbpreset,alcove_wood
reverbpreset,alley
reverbpreset,bridge_ext
reverbpreset,bunker_concrete
reverbpreset,canyon
reverbpreset,cargo_container_sml
reverbpreset,cave
reverbpreset,church
reverbpreset,city_street
reverbpreset,coup_death
reverbpreset,courtyard
reverbpreset,default
reverbpreset,elevator
reverbpreset,elevator_shaft
reverbpreset,field
reverbpreset,generic
reverbpreset,hall_carpet
reverbpreset,hall_concrete
reverbpreset,hall_marble
reverbpreset,hall_metal
reverbpreset,hall_wood
reverbpreset,hallway_carpet
reverbpreset,hallway_concrete
reverbpreset,hallway_concrete_lrg
reverbpreset,hallway_marble
reverbpreset,hallway_metal
reverbpreset,hallway_wood
reverbpreset,hangar
reverbpreset,int_container
reverbpreset,icbm_exterior_wood
reverbpreset,mountains
reverbpreset,near_death
reverbpreset,parking_lot
reverbpreset,rooftop
reverbpreset,room_carpet
reverbpreset,room_concrete
reverbpreset,room_marble
reverbpreset,room_metal
reverbpreset,room_wood
reverbpreset,sewer
reverbpreset,stairwell
reverbpreset,tunnel
reverbpreset,underpass
reverbpreset,underwater
reverbpreset,veh_int
reverbpreset,shower_room
reverbpreset,vent
reverbpreset,basement
reverbpreset,semi_open_small
reverbpreset,small_size_vibrant
rawfile,rumble/damage_light
rawfile,rumble/damage_light_h.rmb
rawfile,rumble/damage_light_l.rmb
rawfile,rumble/artillery_rumble
rawfile,rumble/artillery_rumble_h.rmb
rawfile,rumble/artillery_rumble_l.rmb
rawfile,rumble/grenade_rumble
rawfile,rumble/grenade_rumble_h.rmb
rawfile,rumble/grenade_rumble_l.rmb
rawfile,rumble/damage_heavy
rawfile,rumble/damage_heavy_h.rmb
rawfile,rumble/damage_heavy_l.rmb
rawfile,rumble/slide_start
rawfile,rumble/slide_start_h.rmb
rawfile,rumble/slide_start_l.rmb
rawfile,rumble/slide_loop
rawfile,rumble/slide_loop_h.rmb
rawfile,rumble/slide_loop_l.rmb
rawfile,rumble/defaultweapon_fire
rawfile,rumble/defaultweapon_fire_h.rmb
rawfile,rumble/defaultweapon_fire_l.rmb
rawfile,rumble/defaultweapon_melee
rawfile,rumble/defaultweapon_melee_h.rmb
rawfile,rumble/defaultweapon_melee_l.rmb
rawfile,rumble/tank_rumble
rawfile,rumble/tank_rumble_h.rmb
rawfile,rumble/tank_rumble_l.rmb
rawfile,rumble/viewmodel_small
rawfile,rumble/viewmodel_small_h.rmb
rawfile,rumble/viewmodel_small_l.rmb
rawfile,rumble/viewmodel_medium
rawfile,rumble/viewmodel_medium_h.rmb
rawfile,rumble/viewmodel_medium_l.rmb
rawfile,rumble/viewmodel_large
rawfile,rumble/viewmodel_large_h.rmb
rawfile,rumble/viewmodel_large_l.rmb
rawfile,rumble/heavygun_fire
rawfile,rumble/heavygun_fire_h.rmb
rawfile,rumble/heavygun_fire_l.rmb
pixelshader,textured_gamma.hlsl
techset,default
xanim,void
xanim,void_loop
pixelshader,vertcol_simple_hss_flf_tsm_nofog_ndw_ems.hlsl
pixelshader,vertcol_simple_hss_flf_nofog_ndw_ems.hlsl
techset,mc_effect_blend_nofog_ndw
image,h1_og_missing_fx
material,mc/gfx_missing_fx
xmodelsurfs,fx100
phys_collmap,void
xmodel,void
vertexshader,transform_only.hlsl
techset,mc_nodraw
material,mc/model_nodraw
xmodelsurfs,tag_ik_target100
physpreset,default
xmodel,tag_ik_target
menu,default_menu
menufile,ui/default.menu
vertexshader,vs_vertcol_simple_flf_fog_ems.hlsl
pixelshader,vertcol_simple_hss_flf_tsm_fog_ndw_ems.hlsl
pixelshader,vertcol_simple_hss_flf_fog_ndw_ems.hlsl
vertexshader,vs_vertcol_simple_flf_dfog_ems.hlsl
pixelshader,vertcol_simple_hss_flf_dfog_ndw_ems.hlsl
techset,effect_blend_ndw
image,missing_fx_01
material,fx_missing_fx
fx,vfx/code/missing_fx
pixelshader,ice_vertcol_simple_hss_flf_tsm_fog_ndw_ems.hlsl
pixelshader,ice_vertcol_simple_hss_flf_fog_ndw_ems.hlsl
pixelshader,ice_vertcol_simple_hss_flf_dfog_ndw_ems.hlsl
techset,effect_blend_ndw_ice
image,shrinking_pebbles_1
material,fx_shrinking_pebbles_1_blend_z0
fx,vfx/code/missing_fx_ship
netconststrings,void
scriptable,default
animclass,default_anim
image,$black
image,$gray
image,$darkgray
image,$white_lightmap_ycocg
image,$black_lightmap_ycocg
image,$black_3d
image,$black_cube
image,default
material,$default
image,default2d
material,$default2d
techset,tools_b0c0ct0
material,$additive
material,$glare_blind
material,$point
material,$line
material,$line_nodepth
material,white
material,white_nocull_2d
material,white_tools
material,white_nocull
material,white_depth_write
image,glass_test_sections_ft02
material,ref_image
vertexshader,vertcol_simple_zp_hidir_nc_noatest.hlsl
vertexdecl,pp.fnn.7
pixelshader,vertcol_simple_zp_hidir_nc.hlsl
techset,depthprepass
material,depthprepass
vertexshader,shadowclear.hlsl
techset,shadowclear
material,shadowclear
pixelshader,vertcol_simple_fog_nc.hlsl
vertexshader,instanced_position_only.hlsl
techset,m_shadowcaster
image,h1_og_shadow
material,m/shadowcaster
techset,w_shadowcaster
material,w/shadowcaster
pixelshader,shadowmap_display.hlsl
techset,shadowoverlay
material,shadowoverlay
vertexshader,transform_only_tools.hlsl
techset,stencilshadow
material,stencilshadow
techset,stencildisplay
material,stencildisplay
techset,blur_scene_overlay
material,blur_scene
vertexshader,floatz_display.hlsl
pixelshader,floatz_display.hlsl
techset,floatzdisplay
material,floatz_display
pixelshader,shell_shock.hlsl
techset,shell_shock
material,shellshock
pixelshader,shell_shock_flashed.hlsl
techset,shell_shock_flashed
material,shellshock_flashed
pixelshader,color_channel_mixer.hlsl
techset,color_channel_mixer
material,color_channel_mixer
material,frame_color_debug
material,frame_alpha_debug
material,feedbackreplace
material,feedbackblend
pixelshader,characterscene_mask.hlsl
techset,characterscene_mask
material,feedbackreplace_alpha
material,feedbackadditive
material,feedbackmin
vertexshader,cinematic_vs.hlsl
pixelshader,cinematic_ps.hlsl
techset,cinematic
material,cinematic
pixelshader,cinematic_ps_mp4.hlsl
techset,cinematic_mp4
material,cinematic_mp4
vertexshader,dof_downsample.hlsl
pixelshader,dof_downsample.hlsl
techset,dof_downsample
material,dof_downsample
pixelshader,dofphy_downsample.hlsl
techset,dofphy_downsample
material,dofphy_downsample
pixelshader,dof_near_coc.hlsl
techset,dof_near_coc
material,dof_near_coc
vertexshader,small_blur.hlsl
pixelshader,small_blur.hlsl
techset,small_blur
material,small_blur
vertexshader,radar_ping_hss.hlsl
pixelshader,radar_ping_hss.hlsl
techset,radar_ping_hss
image,hud_radar_noise
material,radar_ping_hss
vertexshader,radar_highlight_hss.hlsl
pixelshader,radar_highlight_hss.hlsl
techset,radar_highlight_hss
material,radar_highlight_hss
pixelshader,sonar_vision_hss.hlsl
techset,sonar_vision_hss
material,sonar_vision_hss
image,statmon_warning_tris
material,statmon_warning_tris
vertexshader,vertcol_simple_mtlclr_fog.hlsl
pixelshader,vertcol_shaded_fog_ndw_lin.hlsl
vertexshader,l_point_feo_tc0.hlsl
vertexdecl,pp.fcc0.ft0t0.3nn.f
pixelshader,l_spot_feo_ndw_b0c0.hlsl
pixelshader,l_omni_feo_ndw_b0c0.hlsl
vertexshader,l_point_feo_l0s2_sm_tc0.hlsl
pixelshader,l_spot_feo_ndw_l0s2_sm_b0c0.hlsl
pixelshader,l_spot_feo_ndw_l0s3_cuc_sm_b0c0.hlsl
vertexshader,l_point_tc0.hlsl
pixelshader,l_spot_ndw_b0c0.hlsl
pixelshader,l_omni_ndw_b0c0.hlsl
vertexshader,l_point_l0s2_sm_tc0.hlsl
pixelshader,l_spot_ndw_l0s2_sm_b0c0.hlsl
pixelshader,l_spot_ndw_l0s3_cuc_sm_b0c0.hlsl
vertexshader,debug_normals.hlsl
pixelshader,debug_normals_ps.hlsl
techset,l_sm_ndw_b0c0_cltrans
material,override_material
vertexshader,vertcol_simple_mtlclr_nofog.hlsl
pixelshader,vertcol_shaded_nofog_lin_dc1.hlsl
pixelshader,l_spot_feo_dc1_lmpb_r0c0.hlsl
pixelshader,l_omni_feo_dc1_lmpb_r0c0.hlsl
pixelshader,l_spot_feo_dc1_lmpb_l0s2_sm_r0c0.hlsl
pixelshader,l_spot_feo_dc1_lmpb_l0s3_cuc_sm_r0c0.hlsl
pixelshader,l_spot_dc1_lmpb_r0c0.hlsl
pixelshader,l_omni_dc1_lmpb_r0c0.hlsl
pixelshader,l_spot_dc1_lmpb_l0s2_sm_r0c0.hlsl
pixelshader,l_spot_dc1_lmpb_l0s3_cuc_sm_r0c0.hlsl
techset,l_sm_lmpb_dc1_heat_r0c0_nfwpf
image,camo_transparent_col
image,camo_reference_col
image,fp_black_col
image,~envbrdflut_ggx_16-rg
material,camo_code_transparent_col
pixelshader,vertcol_simple_hss_flf_fog_lin_ems_nc.hlsl
pixelshader,vertcol_simple_hss_flf_dfog_lin_ems_nc.hlsl
techset,m_effect_replace_lin
material,m/thermalbody_default
pixelshader,vertcol_simple_hss_flf_add_addblend_ndw_ems.hlsl
techset,effect_add_nofog_ndw
image,flare_clr_a
material,gfx_tracer_thermal
vertexshader,watersheeting_color_distort_blur.hlsl
pixelshader,watersheeting_color_distort_blur.hlsl
techset,watersheeting_color_distort_blur
material,watersheeting_color_distort_blur
image,falloff_linear
lightdef,light_dynamic
image,console
material,console
rawfile,sounddata/volumemodgroups.def
rawfile,sounddata/dspbuses.csv
vertexshader,vertcol_simple_mtlclr_fog_nc.hlsl
pixelshader,vertcol_shaded_fog_ndw_lin_nc.hlsl
vertexshader,lpo_sm_fog_l0n_s_tc0n0_nc.hlsl
vertexdecl,pp.ft0t0.3nn.ftt2.f
pixelshader,lpo_sm_ndw_fog_lmpb_l0n_b0c0n0s0_nc.hlsl
pixelshader,lpo_sm_ndw_fog_lmpb_l0d_b0c0n0s0_nc.hlsl
vertexshader,lpo_sm_fog_l0d_l0sd_s_tc0n0_nc.hlsl
pixelshader,lpo_sm_ndw_fog_lmpb_l0d_l0sd_b0c0n0s0_nc.hlsl
pixelshader,lpo_sm_ndw_fog_lmpb_l0s_b0c0n0s0_nc.hlsl
pixelshader,lpo_sm_ndw_fog_lmpb_l0s_l0ss_b0c0n0s0_nc.hlsl
pixelshader,lpo_sm_ndw_fog_lmpb_l0s_l0sc_cuc_b0c0n0s0_nc.hlsl
pixelshader,lpo_sm_ndw_fog_lmpb_l0o_b0c0n0s0_nc.hlsl
pixelshader,lpo_sm_ndw_fog_lmpb_l0o_l0ss_b0c0n0s0_nc.hlsl
vertexshader,lpo_sm_fog_ldbsm_cuc_s_tc0n0_nc.hlsl
pixelshader,lpo_sm_ndw_fog_lmpb_ldbsm_cuc_b0c0n0s0_nc.hlsl
pixelshader,lpo_sm_ndw_fog_lmpb_ldb_sunsm_cuc_b0c0n0s0_nc.hlsl
pixelshader,lpo_sm_ndw_fog_lmpb_ldbsm_b0c0n0s0_nc.hlsl
pixelshader,lpo_sm_ndw_fog_lmpb_ldb_sunsm_b0c0n0s0_nc.hlsl
vertexshader,lpo_sm_dfog_l0n_s_tc0n0_nc.hlsl
pixelshader,lpo_sm_ndw_dfog_lmpb_l0n_b0c0n0s0_nc.hlsl
pixelshader,lpo_sm_ndw_dfog_lmpb_l0d_b0c0n0s0_nc.hlsl
vertexshader,lpo_sm_dfog_l0d_l0sd_s_tc0n0_nc.hlsl
pixelshader,lpo_sm_ndw_dfog_lmpb_l0d_l0sd_b0c0n0s0_nc.hlsl
pixelshader,lpo_sm_ndw_dfog_lmpb_l0s_b0c0n0s0_nc.hlsl
pixelshader,lpo_sm_ndw_dfog_lmpb_l0s_l0ss_b0c0n0s0_nc.hlsl
pixelshader,lpo_sm_ndw_dfog_lmpb_l0s_l0sc_cuc_b0c0n0s0_nc.hlsl
pixelshader,lpo_sm_ndw_dfog_lmpb_l0o_b0c0n0s0_nc.hlsl
pixelshader,lpo_sm_ndw_dfog_lmpb_l0o_l0ss_b0c0n0s0_nc.hlsl
vertexshader,lpo_sm_dfog_ldbsm_cuc_s_tc0n0_nc.hlsl
pixelshader,lpo_sm_ndw_dfog_lmpb_ldbsm_cuc_b0c0n0s0_nc.hlsl
pixelshader,lpo_sm_ndw_dfog_lmpb_ldb_sunsm_cuc_b0c0n0s0_nc.hlsl
pixelshader,lpo_sm_ndw_dfog_lmpb_ldbsm_b0c0n0s0_nc.hlsl
pixelshader,lpo_sm_ndw_dfog_lmpb_ldb_sunsm_b0c0n0s0_nc.hlsl
vertexshader,l_point_feo_s_tc0n0_nc.hlsl
pixelshader,l_spot_feo_ndw_lmpb_b0c0n0s0_nc.hlsl
pixelshader,l_omni_feo_ndw_lmpb_b0c0n0s0_nc.hlsl
vertexshader,l_point_feo_l0s2_sm_s_tc0n0_nc.hlsl
pixelshader,l_spot_feo_ndw_lmpb_l0s2_sm_b0c0n0s0_nc.hlsl
pixelshader,l_spot_feo_ndw_lmpb_l0s3_cuc_sm_b0c0n0s0_nc.hlsl
vertexshader,l_point_s_tc0n0_nc.hlsl
pixelshader,l_spot_ndw_lmpb_b0c0n0s0_nc.hlsl
pixelshader,l_omni_ndw_lmpb_b0c0n0s0_nc.hlsl
vertexshader,l_point_l0s2_sm_s_tc0n0_nc.hlsl
pixelshader,l_spot_ndw_lmpb_l0s2_sm_b0c0n0s0_nc.hlsl
pixelshader,l_spot_ndw_lmpb_l0s3_cuc_sm_b0c0n0s0_nc.hlsl
vertexshader,debug_normals_nc.hlsl
vertexdecl,pp.ft0t0.3nn.7tt1.7
vertexshader,vertcol_simple_i_mtlclr_fog_nc.hlsl
vertexshader,lpo_sm_i_fog_l0n_s_tc0n0_nc.hlsl
vertexshader,lpo_sm_i_fog_l0d_l0sd_s_tc0n0_nc.hlsl
vertexshader,lpo_sm_i_fog_ldbsm_cuc_s_tc0n0_nc.hlsl
vertexshader,lpo_sm_i_dfog_l0n_s_tc0n0_nc.hlsl
vertexshader,lpo_sm_i_dfog_l0d_l0sd_s_tc0n0_nc.hlsl
vertexshader,lpo_sm_i_dfog_ldbsm_cuc_s_tc0n0_nc.hlsl
vertexshader,l_point_feo_i_s_tc0n0_nc.hlsl
vertexshader,l_point_feo_l0s2_i_sm_s_tc0n0_nc.hlsl
vertexshader,l_point_i_s_tc0n0_nc.hlsl
vertexshader,l_point_l0s2_i_sm_s_tc0n0_nc.hlsl
vertexshader,vertcol_untextured_i_nc_nofog.hlsl
vertexshader,debug_normals_i_nc.hlsl
techset,m_l_sm_lmpb_ndw_b0c0n0sd0_cltrans
image,~$white-r32g32b32&wpn_h1_sticker_cos-l
image,wpn_h1_sticker_nml
image,wpn_h1_sticker_placeholder
material,m/mtl_wpn_h1_sticker_placeholder
vertexshader,vertcol_simple_zp_rvel_nc_noatest.hlsl
pixelshader,vertcol_simple_zp_vel_nc.hlsl
vertexshader,vertcol_simple_zp_svel_nc_noatest.hlsl
vertexshader,vertcol_simple_zp_hidir_rvel_nc_noatest.hlsl
pixelshader,vertcol_simple_zp_hidir_vel_nc.hlsl
vertexshader,vertcol_simple_zp_hidir_svel_nc_noatest.hlsl
vertexshader,vertcol_simple_mtlclr_nofog_nc.hlsl
pixelshader,vertcol_shaded_nofog_lin_nc.hlsl
vertexshader,lpo_sm_mpr_nofog_l0n_s_tc0n0_nc.hlsl
pixelshader,lpo_sm_rim_mpr_nofog_lmpb_l0n_r0c0n0s0_nc.hlsl
pixelshader,lpo_sm_rim_mpr_nofog_lmpb_l0d_r0c0n0s0_nc.hlsl
vertexshader,lpo_sm_mpr_nofog_l0d_l0sd_s_tc0n0_nc.hlsl
pixelshader,lpo_sm_rim_mpr_nofog_lmpb_l0d_l0sd_r0c0n0s0_nc.hlsl
pixelshader,lpo_sm_rim_mpr_nofog_lmpb_l0s_r0c0n0s0_nc.hlsl
pixelshader,lpo_sm_rim_mpr_nofog_lmpb_l0s_l0ss_r0c0n0s0_nc.hlsl
pixelshader,lpo_sm_rim_mpr_nofog_lmpb_l0s_l0sc_cuc_r0c0n0s0_nc.hlsl
pixelshader,lpo_sm_rim_mpr_nofog_lmpb_l0o_r0c0n0s0_nc.hlsl
pixelshader,lpo_sm_rim_mpr_nofog_lmpb_l0o_l0ss_r0c0n0s0_nc.hlsl
vertexshader,lpo_sm_mpr_nofog_ldbsm_cuc_s_tc0n0_nc.hlsl
pixelshader,lpo_sm_rim_mpr_nofog_lmpb_ldbsm_cuc_r0c0n0s0_nc.hlsl
pixelshader,lpo_sm_rim_mpr_nofog_lmpb_ldb_sunsm_cuc_r0c0n0s0_nc.hlsl
pixelshader,lpo_sm_rim_mpr_nofog_lmpb_ldbsm_r0c0n0s0_nc.hlsl
pixelshader,lpo_sm_rim_mpr_nofog_lmpb_ldb_sunsm_r0c0n0s0_nc.hlsl
pixelshader,l_spot_feo_lmpb_r0c0n0s0_nc.hlsl
pixelshader,l_omni_feo_lmpb_r0c0n0s0_nc.hlsl
pixelshader,l_spot_feo_lmpb_l0s2_sm_r0c0n0s0_nc.hlsl
pixelshader,l_spot_feo_lmpb_l0s3_cuc_sm_r0c0n0s0_nc.hlsl
pixelshader,l_spot_lmpb_r0c0n0s0_nc.hlsl
pixelshader,l_omni_lmpb_r0c0n0s0_nc.hlsl
pixelshader,l_spot_lmpb_l0s2_sm_r0c0n0s0_nc.hlsl
pixelshader,l_spot_lmpb_l0s3_cuc_sm_r0c0n0s0_nc.hlsl
vertexshader,velocity_sm_nc_vrigid.hlsl
pixelshader,velocity_sm_nc_vrigid.hlsl
vertexshader,velocity_sm_nc_vskinned.hlsl
vertexshader,vertcol_simple_zp_i_rvel_nc_noatest.hlsl
vertexshader,vertcol_simple_zp_i_svel_nc_noatest.hlsl
vertexshader,vertcol_simple_zp_i_hidir_nc_noatest.hlsl
vertexshader,vertcol_simple_zp_i_hidir_rvel_nc_noatest.hlsl
vertexshader,vertcol_simple_zp_i_hidir_svel_nc_noatest.hlsl
vertexshader,vertcol_simple_i_mtlclr_nofog_nc.hlsl
vertexshader,lpo_sm_i_mpr_nofog_l0n_s_tc0n0_nc.hlsl
vertexshader,lpo_sm_i_mpr_nofog_l0d_l0sd_s_tc0n0_nc.hlsl
vertexshader,lpo_sm_i_mpr_nofog_ldbsm_cuc_s_tc0n0_nc.hlsl
techset,m_l_sm_lmpb_r0c0n0sd0_nfwpf_mpr
image,~char_mp_patch_circle_00_spc-~772bc09e
image,char_mp_patch_circle_00_nml
image,char_mp_patch_circle_faction_marine_00_col
material,m/mtl_char_mp_patch_emblem_faction_marine_00
image,char_mp_patch_circle_faction_opfor_00_col
material,m/mtl_char_mp_patch_emblem_faction_opfor_00
image,char_mp_patch_circle_faction_sas_00_col
material,m/mtl_char_mp_patch_emblem_faction_sas_00
image,char_mp_patch_circle_faction_spetsnaz_00_col
material,m/mtl_char_mp_patch_emblem_faction_spetsnaz_00
image,voice_on_dim_#0
material,nottalkingicon
image,voice_on_#0
material,talkingicon
image,warning@fps
material,code_warning_fps
image,warning@file
material,code_warning_file
image,warning@streamer
material,code_warning_streamer
image,warning@soundcpu
material,code_warning_soundcpu
image,warning@snapshotents
material,code_warning_snapshotents
image,h1_og_statmon_warning_serverfps
material,code_warning_serverfps
image,statmon_warning_scripterrors
material,code_warning_scripterrors
image,statmon_warning_bandwidth
material,code_warning_bandwidth
image,statmon_warning_gamestate
material,code_warning_gamestate
image,statmon_warning_bandwidthlimit
material,code_warning_bandwidthlimited
impactfx,default
image,gradient
material,gradient
image,line_horizontal
material,line_horizontal
image,gradient_top
material,gradient_top
image,gradient_bottom
material,gradient_bottom
image,ui_host
material,ui_host
vertexshader,lpo_sm_fog_l0n_tc0_nc.hlsl
vertexdecl,pp.ft0t0.3nn.f
pixelshader,lpo_sm_ndw_fog_fnpma_ebss_lmpb_l0n_b0c0_nc.hlsl
pixelshader,lpo_sm_ndw_fog_fnpma_ebss_lmpb_l0d_b0c0_nc.hlsl
vertexshader,lpo_sm_fog_l0d_l0sd_tc0_nc.hlsl
pixelshader,lpo_sm_ndw_fog_fnpma_ebss_lmpb_l0d_l0sd_b0c0_nc.hlsl
vertexshader,lpo_sm_fog_l0s_tc0_nc.hlsl
pixelshader,lpo_sm_ndw_fog_fnpma_ebss_lmpb_l0s_b0c0_nc.hlsl
pixelshader,lpo_sm_ndw_fog_fnpma_ebss_lmpb_l0s_l0ss_b0c0_nc.hlsl
pixelshader,lpo_sm_ndw_fog_fnpma_ebss_lmpb_l0s_l0sc_cuc_b0c0_nc.hlsl
pixelshader,lpo_sm_ndw_fog_fnpma_ebss_lmpb_l0o_b0c0_nc.hlsl
pixelshader,lpo_sm_ndw_fog_fnpma_ebss_lmpb_l0o_l0ss_b0c0_nc.hlsl
vertexshader,lpo_sm_fog_ldbsm_cuc_tc0_nc.hlsl
pixelshader,lpo_sm_ndw_fog_fnpma_ebss_lmpb_ldbsm_cuc_b0c0_nc.hlsl
pixelshader,lpo_sm_ndw_fog_fnpma_ebss_lmpb_ldb_sunsm_cuc_b0c0_nc.hlsl
pixelshader,lpo_sm_ndw_fog_fnpma_ebss_lmpb_ldbsm_b0c0_nc.hlsl
pixelshader,lpo_sm_ndw_fog_fnpma_ebss_lmpb_ldb_sunsm_b0c0_nc.hlsl
vertexshader,lpo_sm_dfog_l0n_tc0_nc.hlsl
pixelshader,lpo_sm_ndw_dfog_fnpma_ebss_lmpb_l0n_b0c0_nc.hlsl
pixelshader,lpo_sm_ndw_dfog_fnpma_ebss_lmpb_l0d_b0c0_nc.hlsl
vertexshader,lpo_sm_dfog_l0d_l0sd_tc0_nc.hlsl
pixelshader,lpo_sm_ndw_dfog_fnpma_ebss_lmpb_l0d_l0sd_b0c0_nc.hlsl
vertexshader,lpo_sm_dfog_l0s_tc0_nc.hlsl
pixelshader,lpo_sm_ndw_dfog_fnpma_ebss_lmpb_l0s_b0c0_nc.hlsl
pixelshader,lpo_sm_ndw_dfog_fnpma_ebss_lmpb_l0s_l0ss_b0c0_nc.hlsl
pixelshader,lpo_sm_ndw_dfog_fnpma_ebss_lmpb_l0s_l0sc_cuc_b0c0_nc.hlsl
pixelshader,lpo_sm_ndw_dfog_fnpma_ebss_lmpb_l0o_b0c0_nc.hlsl
pixelshader,lpo_sm_ndw_dfog_fnpma_ebss_lmpb_l0o_l0ss_b0c0_nc.hlsl
vertexshader,lpo_sm_dfog_ldbsm_cuc_tc0_nc.hlsl
pixelshader,lpo_sm_ndw_dfog_fnpma_ebss_lmpb_ldbsm_cuc_b0c0_nc.hlsl
pixelshader,lpo_sm_ndw_dfog_fnpma_ebss_lmpb_ldb_sunsm_cuc_b0c0_nc.hlsl
pixelshader,lpo_sm_ndw_dfog_fnpma_ebss_lmpb_ldbsm_b0c0_nc.hlsl
pixelshader,lpo_sm_ndw_dfog_fnpma_ebss_lmpb_ldb_sunsm_b0c0_nc.hlsl
vertexshader,l_point_feo_tc0_nc.hlsl
pixelshader,l_spot_feo_ndw_lmpb_b0c0_nc.hlsl
pixelshader,l_omni_feo_ndw_lmpb_b0c0_nc.hlsl
vertexshader,l_point_feo_l0s2_sm_tc0_nc.hlsl
pixelshader,l_spot_feo_ndw_lmpb_l0s2_sm_b0c0_nc.hlsl
pixelshader,l_spot_feo_ndw_lmpb_l0s3_cuc_sm_b0c0_nc.hlsl
vertexshader,l_point_tc0_nc.hlsl
pixelshader,l_spot_ndw_lmpb_b0c0_nc.hlsl
pixelshader,l_omni_ndw_lmpb_b0c0_nc.hlsl
vertexshader,l_point_l0s2_sm_tc0_nc.hlsl
pixelshader,l_spot_ndw_lmpb_l0s2_sm_b0c0_nc.hlsl
pixelshader,l_spot_ndw_lmpb_l0s3_cuc_sm_b0c0_nc.hlsl
vertexshader,cloak_nofog_l0n_tc0_nc_tmq.hlsl
pixelshader,cloak_nofog_lmpb_l0n_b0c0_nc_tmq.hlsl
vertexshader,lpo_sm_i_fog_l0n_tc0_nc.hlsl
vertexshader,lpo_sm_i_fog_l0d_l0sd_tc0_nc.hlsl
vertexshader,lpo_sm_i_fog_l0s_tc0_nc.hlsl
vertexshader,lpo_sm_i_fog_ldbsm_cuc_tc0_nc.hlsl
vertexshader,lpo_sm_i_dfog_l0n_tc0_nc.hlsl
vertexshader,lpo_sm_i_dfog_l0d_l0sd_tc0_nc.hlsl
vertexshader,lpo_sm_i_dfog_l0s_tc0_nc.hlsl
vertexshader,lpo_sm_i_dfog_ldbsm_cuc_tc0_nc.hlsl
vertexshader,l_point_feo_i_tc0_nc.hlsl
vertexshader,l_point_feo_l0s2_i_sm_tc0_nc.hlsl
vertexshader,l_point_i_tc0_nc.hlsl
vertexshader,l_point_l0s2_i_sm_tc0_nc.hlsl
vertexshader,cloak_i_nofog_l0n_tc0_nc_tmq.hlsl
techset,m_l_sm_lmpb_ndw_b0c0_cltrans_ctq_fnpma_ebss
image,cloak_detail3
image,emblem_temp_col
material,m/mtl_player_emblem
leaderboarddef,DEFAULT_LB
pixelshader,vertcol_simple_cso_hss_slf_flf_add_ct_addblend_ndw_ems.hlsl
techset,effect_cso_hss_add_slf_ct_nofog_ndw
image,tracer#0
material,fx_tracer
tracer,defaulttracer
vertexshader,laser_fog_feo.hlsl
pixelshader,laser_fog_feo.hlsl
vertexshader,laser_dfog.hlsl
pixelshader,laser_dfog.hlsl
techset,laser
vertexshader,post_light.hlsl
vertexdecl,pp.7cc0.f
pixelshader,post_light.hlsl
techset,post_light
image,h1_og_laser_soft
image,h1_og_laser_dust_small
material,gfx_laser_small
image,h1_og_laser_light_noise
image,h1_og_laser_dust
material,gfx_laser_light_noise
laser,defaultlaser
image,menu_mp_lobby_icon_clip
material,menu_mp_lobby_icon_clip
image,menu_mp_lobby_icon_film
material,menu_mp_lobby_icon_film
image,menu_mp_lobby_icon_screenshot
material,menu_mp_lobby_icon_screenshot
image,menu_mp_lobby_icon_customgamemode
material,menu_mp_lobby_icon_customgamemode
scriptfile,$default
material,$default3d
particlesimanimation,default
vectorfield,vectorfields/test
attachment,defaultattachment
image,mw3_scrollbar
material,ui_scrollbar
image,mw3_scrollbar_arrow_down
material,ui_scrollbar_arrow_dwn_a
image,mw3_scrollbar_arrow_up
material,ui_scrollbar_arrow_up_a
image,scrollbar_arrow_left
material,ui_scrollbar_arrow_left
image,scrollbar_arrow_right
material,ui_scrollbar_arrow_right
pixelshader,ui3d_ps_blur.hlsl
techset,ui3d_blur
material,ui_blur
image,slider2
material,ui_slider2
image,sliderbutt_1
material,ui_sliderbutt_1
image,h1_og_decode_characters
material,decode_characters
material,decode_characters_glow
image,h1_icon_xbone_button_a
material,button_primary_pc
image,h1_icon_xbone_button_b
material,button_secondary_pc
image,h1_icon_xbone_button_x
material,button_alt1_pc
image,h1_icon_xbone_button_y
material,button_alt2_pc
image,h1_icon_xbone_button_lb
material,button_shoulder_left_pc
image,h1_icon_xbone_button_rb
material,button_shoulder_right_pc
image,h1_icon_xbone_button_start
material,button_start_pc
image,h1_icon_xbone_button_back
material,button_select_pc
image,h1_icon_xbone_button_ls_click_01
material,button_stick_left_up_pc
image,h1_icon_xbone_button_rs_click_01
material,button_stick_right_up_pc
image,h1_icon_xbone_button_ls_click_02
material,button_stick_left_down_pc
image,h1_icon_xbone_button_rs_click_02
material,button_stick_right_down_pc
image,h1_icon_xbone_button_lt
material,button_trigger_left_pc
image,h1_icon_xbone_button_rt
material,button_trigger_right_pc
image,h1_icon_xbone_button_dpad_u
material,button_dpad_up_pc
image,h1_icon_xbone_button_dpad_d
material,button_dpad_down_pc
image,h1_icon_xbone_button_dpad_l
material,button_dpad_left_pc
image,h1_icon_xbone_button_dpad_r
material,button_dpad_right_pc
ttf,,fonts/default.otf
